employee_id,first_name,last_name,job_title,employee_status,email,department_name,office_id
1,Lockwood,Bree,Community Outreach Specialist,Full Time,lbree0@blinklist.com,Accounting,
2,Isak,Greville,Social Worker,Part Time,igreville1@virginia.edu,Human Resources,13
3,Rex,Gilbard,Food Chemist,Full Time,rgilbard2@umn.edu,,14
4,Jeanelle,Dillicate,Automation Specialist III,Part Time,jdillicate3@dagondesign.com,,12
5,Juanita,Nattrass,Social Worker,Inactive,jnattrass4@salon.com,Services,19
6,Raymund,Keppy,GIS Technical Architect,Full Time,rkeppy5@linkedin.com,Research and Development,20
7,Ricardo,Plester,,Full Time,rplester6@washingtonpost.com,,17
8,Jeanie,Growden,Nurse Practicioner,Full Time,jgrowden7@shinystat.com,Product Management,5
9,Hanny,Kilfeder,Account Executive,Full Time,hkilfeder8@archive.org,Marketing,8
10,Kerrill,Bourgeois,Automation Specialist II,Internship,kbourgeois9@pcworld.com,Sales,21
11,Becka,Dettmar,,Full Time,bdettmara@goo.gl,Marketing,3
12,Eimile,Lawey,Graphic Designer,Part Time,elaweyb@360.cn,,10
13,Annamaria,Marieton,Technical Writer,Full Time,amarietonc@barnesandnoble.com,Engineering,4
14,Patience,MacMearty,Systems Administrator I,Full Time,pmacmeartyd@shop-pro.jp,Marketing,6
15,Jameson,Roddan,GIS Technical Architect,Full Time,jroddane@usa.gov,,18
16,Joscelin,Umpleby,Graphic Designer,Part Time,jumplebyf@tripadvisor.com,Human Resources,7
17,Nicolina,Adam,,Part Time,nadamg@123-reg.co.uk,Marketing,23
18,Ronalda,Dissman,Mechanical Systems Engineer,Part Time,rdissmanh@shop-pro.jp,,17
19,Cris,Tweedie,Senior Editor,Part Time,ctweediei@sogou.com,,14
20,Loydie,Melchior,,Internship,lmelchiorj@bandcamp.com,Engineering,10
21,Hall,Domico,Mechanical Systems Engineer,On Leave,hdomicok@cloudflare.com,Human Resources,9
22,Kalina,Tugwell,Technical Writer,On Leave,ktugwelll@squarespace.com,Business Development,11
23,Wiley,Pretor,Automation Specialist II,Full Time,wpretorm@webs.com,Business Development,12
24,Hazel,Dakhno,,Inactive,hdakhnon@e-recht24.de,Business Development,6
25,Laure,Boothby,,Full Time,lboothbyo@woothemes.com,,1
26,Kane,Deelay,,Full Time,kdeelayp@reverbnation.com,Training,19
27,Carissa,Martins,Executive Secretary,Internship,cmartinsq@dion.ne.jp,Accounting,18
28,Melissa,Aitkin,Financial Advisor,Full Time,maitkinr@meetup.com,Engineering,2
29,Rad,Lotte,Accountant II,Part Time,rlottes@macromedia.com,Sales,24
30,Jill,Metzig,Structural Engineer,Internship,jmetzigt@aboutads.info,Legal,
31,Agnesse,Gilhooley,VP Marketing,On Leave,agilhooleyu@naver.com,Sales,9
32,Carena,Kemer,Speech Pathologist,Part Time,ckemerv@clickbank.net,,
33,Jacobo,Chicotti,Tax Accountant,Full Time,jchicottiw@weibo.com,Human Resources,4
34,Miner,Burbidge,Analog Circuit Design manager,Full Time,mburbidgex@amazonaws.com,Support,19
35,Sallyann,Silly,Account Representative I,Full Time,ssillyy@timesonline.co.uk,Research and Development,1
36,Lilly,Braffington,Accounting Assistant IV,Part Time,lbraffingtonz@yandex.ru,,14
37,Elvin,Coomber,Research Associate,Internship,ecoomber10@shutterfly.com,,23
38,Sigfried,Crufts,Registered Nurse,Full Time,scrufts11@si.edu,Engineering,15
39,Crissie,Powys,,Inactive,cpowys12@friendfeed.com,Product Management,16
40,Lou,Ribbon,,Full Time,lribbon13@woothemes.com,Research and Development,20
41,Waylan,Sennett,VP Sales,Internship,wsennett14@weebly.com,Support,12
42,Northrup,Parcall,Dental Hygienist,Full Time,nparcall15@fda.gov,,10
43,Joelly,Bezzant,Human Resources Manager,Full Time,jbezzant16@apple.com,Services,25
44,Leona,Krikorian,,On Leave,lkrikorian17@ftc.gov,Accounting,3
45,Billie,Galvan,Librarian,Full Time,bgalvan18@example.com,Business Development,2
46,Penrod,Rabbitts,Safety Technician IV,Part Time,prabbitts19@nydailynews.com,,6
47,Billy,Townsend,,Full Time,btownsend1a@nyu.edu,Support,7
48,Fin,Clubb,,Inactive,fclubb1b@usnews.com,Accounting,20
49,Tucky,Giottoi,Senior Developer,On Leave,tgiottoi1c@tripadvisor.com,Human Resources,21
50,Marsha,Yaxley,Help Desk Technician,On Leave,myaxley1d@aol.com,Product Management,18
51,Carilyn,Adam,Actuary,Part Time,cadam1e@hexun.com,Services,
52,Courtenay,Nortunen,Mechanical Systems Engineer,On Leave,cnortunen1f@xinhuanet.com,Product Management,19
53,Sarita,Wortman,,Internship,swortman1g@wikia.com,Sales,15
54,Zitella,Tate,Technical Writer,On Leave,ztate1h@arizona.edu,Research and Development,4
55,Gertie,Littledyke,Chief Design Engineer,Full Time,glittledyke1i@sphinn.com,Marketing,2
56,Sander,Gwioneth,,Inactive,sgwioneth1j@seesaa.net,Business Development,24
57,Avis,Jerome,Editor,Full Time,ajerome1k@psu.edu,Marketing,22
58,Arie,Pigeon,Physical Therapy Assistant,Full Time,apigeon1l@si.edu,Sales,17
59,Evangelin,O'Connor,Nurse Practicioner,Inactive,eoconnor1m@skype.com,Training,11
60,Emmit,Randlesome,Database Administrator IV,Full Time,erandlesome1n@bing.com,Support,25
61,Kelila,Calladine,Software Engineer III,Part Time,kcalladine1o@i2i.jp,Research and Development,6
62,Rori,Parsall,Senior Editor,Part Time,rparsall1p@yandex.ru,Accounting,20
63,Wallis,McCotter,Community Outreach Specialist,Full Time,wmccotter1q@hatena.ne.jp,Product Management,10
64,Charmain,Jarret,Occupational Therapist,Part Time,cjarret1r@behance.net,Product Management,2
65,Otho,Barnsdale,Nurse Practicioner,Full Time,obarnsdale1s@miibeian.gov.cn,Human Resources,15
66,Hube,Meller,Recruiting Manager,Part Time,hmeller1t@technorati.com,Accounting,7
67,Ardeen,Cottham,Legal Assistant,Part Time,acottham1u@rediff.com,Legal,13
68,Kurt,Schooley,Analyst Programmer,Full Time,kschooley1v@bloglines.com,,4
69,Cecil,Entres,Product Engineer,Full Time,centres1w@mozilla.com,Product Management,23
70,Penny,Hendrikse,,Part Time,phendrikse1x@addtoany.com,Support,22
71,Maisey,Townsley,Human Resources Assistant IV,Full Time,mtownsley1y@kickstarter.com,,16
72,Tobin,Dadge,Director of Sales,Inactive,tdadge1z@hibu.com,,14
73,Sallee,Bernardi,Programmer Analyst III,Part Time,sbernardi20@phoca.cz,,11
74,Halsy,Lidgett,Information Systems Manager,Full Time,hlidgett21@stanford.edu,,5
75,Tandi,Pionter,General Manager,Part Time,tpionter22@behance.net,,
76,Barn,Mincini,,On Leave,bmincini23@ycombinator.com,Support,16
77,Faydra,Brisse,,Internship,fbrisse24@mit.edu,Business Development,18
78,Gillian,Dobson,Tax Accountant,Inactive,gdobson25@baidu.com,Engineering,23
79,Fina,Tremeer,Software Consultant,Full Time,ftremeer26@dedecms.com,,13
80,Lilith,Cleatherow,Business Systems Development Analyst,Part Time,lcleatherow27@bloglines.com,,5
81,Nina,Repper,Software Test Engineer II,Part Time,nrepper28@cbc.ca,Training,19
82,Lauraine,Allain,Sales Associate,Full Time,lallain29@homestead.com,Support,11
83,Dolley,Cunningham,,Full Time,dcunningham2a@salon.com,Services,22
84,Sharlene,Wharton,Actuary,On Leave,swharton2b@fc2.com,,25
85,Maje,Pardey,Statistician III,Full Time,mpardey2c@cbsnews.com,Research and Development,
86,Shaun,Schukraft,General Manager,Full Time,sschukraft2d@theglobeandmail.com,Support,17
87,Maggee,Willavoys,Compensation Analyst,Full Time,mwillavoys2e@chronoengine.com,Marketing,8
88,Connor,Shambrooke,Product Engineer,Full Time,cshambrooke2f@ow.ly,,4
89,Lita,Youll,Accounting Assistant III,Full Time,lyoull2g@arizona.edu,Sales,12
90,Juan,Fidell,Compensation Analyst,Part Time,jfidell2h@youtube.com,,1
91,Mathian,Cluderay,Dental Hygienist,Internship,mcluderay2i@qq.com,Services,20
92,Zelig,Clarridge,,Full Time,zclarridge2j@army.mil,Sales,22
93,Patsy,Lalevee,Nurse Practicioner,Internship,plalevee2k@mapquest.com,Research and Development,1
94,Vitoria,Drillingcourt,Software Consultant,Full Time,vdrillingcourt2l@google.cn,Accounting,3
95,Alfreda,Burchard,Developer I,Full Time,aburchard2m@jiathis.com,Services,7
96,Ulberto,Kinavan,Staff Accountant IV,Full Time,ukinavan2n@yahoo.com,Training,4
97,Mord,Manjin,Civil Engineer,Part Time,mmanjin2o@privacy.gov.au,Research and Development,2
98,Charmion,Roubert,Tax Accountant,Full Time,croubert2p@miibeian.gov.cn,Marketing,19
99,Scot,Linny,Technical Writer,Inactive,slinny2q@unicef.org,Accounting,14
100,Ira,Ovett,Office Assistant III,Inactive,iovett2r@dion.ne.jp,Legal,17
101,Seamus,Casseldine,Account Coordinator,Internship,scasseldine2s@gizmodo.com,,8
102,Trip,Jewel,,Full Time,tjewel2t@barnesandnoble.com,Business Development,16
103,Konstance,Samett,Financial Advisor,Full Time,ksamett2u@about.com,,9
104,Robinet,Cardenosa,,Part Time,rcardenosa2v@jimdo.com,Legal,12
105,Fidelio,Kinforth,,Part Time,fkinforth2w@issuu.com,,15
106,Rozanne,Hagger,Help Desk Operator,Inactive,rhagger2x@nifty.com,Product Management,6
107,Lanni,Snaddin,Physical Therapy Assistant,Internship,lsnaddin2y@noaa.gov,,20
108,Wayne,Livesley,Account Coordinator,Full Time,wlivesley2z@mozilla.org,Research and Development,14
109,Gillie,Wheowall,Senior Sales Associate,Inactive,gwheowall30@skype.com,Support,15
110,Alikee,Ixer,Compensation Analyst,Full Time,aixer31@goodreads.com,Legal,3
111,Karena,Giff,Legal Assistant,Part Time,kgiff32@bloglovin.com,Product Management,18
112,Lesley,Logesdale,Internal Auditor,On Leave,llogesdale33@csmonitor.com,Legal,21
113,Carlotta,Crean,Financial Advisor,Full Time,ccrean34@guardian.co.uk,Legal,12
114,Pincas,Casarino,VP Marketing,Inactive,pcasarino35@about.com,Training,1
115,Josefa,Parlet,Environmental Specialist,Part Time,jparlet36@indiegogo.com,Engineering,
116,Scott,Domleo,General Manager,Inactive,sdomleo37@scientificamerican.com,,11
117,Muire,Northbridge,Librarian,Full Time,mnorthbridge38@ucoz.com,Accounting,13
118,Caro,Hassall,Clinical Specialist,Part Time,chassall39@quantcast.com,Marketing,7
119,Vida,Spir,Structural Engineer,Part Time,vspir3a@meetup.com,,9
120,Erich,Villalta,Clinical Specialist,Full Time,evillalta3b@moonfruit.com,,5
121,Dredi,Blastock,Community Outreach Specialist,Part Time,dblastock3c@hibu.com,,19
122,Randi,Greenset,Accountant II,On Leave,rgreenset3d@va.gov,Services,10
123,Rickey,Shakespeare,Software Test Engineer IV,Full Time,rshakespeare3e@ed.gov,,25
124,Avery,Guyver,VP Marketing,Full Time,aguyver3f@reverbnation.com,,4
125,Linea,Meininking,Help Desk Technician,Part Time,lmeininking3g@seesaa.net,Sales,
126,Eddi,Hallett,Editor,Full Time,ehallett3h@plala.or.jp,Business Development,12
127,Nerty,Gimbrett,Web Designer III,On Leave,ngimbrett3i@businessinsider.com,Research and Development,14
128,Judah,Calbert,,Internship,jcalbert3j@feedburner.com,Engineering,24
129,Florida,Treswell,Senior Cost Accountant,Internship,ftreswell3k@gizmodo.com,Accounting,13
130,Ebba,Way,Structural Analysis Engineer,On Leave,eway3l@unicef.org,Support,6
131,Brande,de Clerc,,On Leave,bdeclerc3m@npr.org,Legal,2
132,Jarret,Greystock,GIS Technical Architect,Internship,jgreystock3n@parallels.com,Product Management,11
133,Lauretta,Egarr,Pharmacist,Part Time,legarr3o@biglobe.ne.jp,Human Resources,5
134,Urban,Cosley,Recruiter,Full Time,ucosley3p@answers.com,Marketing,21
135,Hillary,Bann,VP Sales,Internship,hbann3q@kickstarter.com,Accounting,22
136,Benny,Wardesworth,Sales Associate,Part Time,bwardesworth3r@umn.edu,Engineering,13
137,Sib,Seabrook,Registered Nurse,Part Time,sseabrook3s@mozilla.org,Accounting,7
138,Elisha,Ducrow,Civil Engineer,Full Time,educrow3t@comcast.net,Sales,
139,Marieann,Hamner,Staff Scientist,Full Time,mhamner3u@chicagotribune.com,Marketing,8
140,Tedmund,Lott,,Internship,tlott3v@blinklist.com,Research and Development,23
141,Laurianne,Cordaroy,Mechanical Systems Engineer,Full Time,lcordaroy3w@google.co.uk,Business Development,1
142,Agnesse,Corp,,Full Time,acorp3x@slideshare.net,Services,3
143,Agnola,Heinicke,Software Consultant,Full Time,aheinicke3y@miibeian.gov.cn,Training,6
144,Bernadine,Pethybridge,Geologist II,Part Time,bpethybridge3z@bbb.org,Legal,9
145,Corine,Petcher,Research Associate,Inactive,cpetcher40@sogou.com,Research and Development,12
146,Weider,Harmes,Senior Sales Associate,Part Time,wharmes41@narod.ru,Engineering,20
147,Saudra,Tatford,Web Designer I,Internship,statford42@mashable.com,,16
148,Shaughn,Yuranovev,General Manager,Full Time,syuranovev43@europa.eu,Human Resources,4
149,Dolli,Castrillo,Engineer I,Full Time,dcastrillo44@umn.edu,Product Management,25
150,Lambert,Papaminas,Budget/Accounting Analyst II,Inactive,lpapaminas45@harvard.edu,Services,18
151,Harman,Gozard,,On Leave,hgozard46@ocn.ne.jp,Legal,20
152,Adham,Regina,Analog Circuit Design manager,Part Time,aregina47@nifty.com,Marketing,8
153,Kalli,Duker,Recruiter,Full Time,kduker48@java.com,Training,5
154,Sandra,Endon,,Part Time,sendon49@networkadvertising.org,,25
155,Maible,Samme,General Manager,Full Time,msamme4a@baidu.com,Support,15
156,Leanor,Broske,Assistant Manager,Part Time,lbroske4b@springer.com,Engineering,23
157,Merrie,Gerhardt,Programmer II,Full Time,mgerhardt4c@dropbox.com,Training,21
158,Doria,Reilingen,VP Sales,Full Time,dreilingen4d@tamu.edu,Research and Development,22
159,Jillian,Josskowitz,Research Associate,Internship,jjosskowitz4e@dion.ne.jp,Accounting,4
160,Chelsey,Crossfield,Design Engineer,Internship,ccrossfield4f@artisteer.com,Marketing,2
161,Webster,McKenney,Business Systems Development Analyst,Part Time,wmckenney4g@phoca.cz,Product Management,1
162,Lainey,Gumey,Food Chemist,Full Time,lgumey4h@taobao.com,,12
163,Abel,Schermick,Software Engineer IV,Full Time,aschermick4i@java.com,Product Management,7
164,Imogen,Lancaster,Mechanical Systems Engineer,Part Time,ilancaster4j@google.ca,,
165,Paolo,Geikie,VP Accounting,Full Time,pgeikie4k@cnbc.com,Services,11
166,Bryan,Ottosen,Pharmacist,Part Time,bottosen4l@cmu.edu,,
167,Kerrie,Tattersfield,Business Systems Development Analyst,Full Time,ktattersfield4m@icio.us,,9
168,Yvor,Hallsworth,Nurse,Full Time,yhallsworth4n@google.es,Marketing,15
169,Stillmann,Switzer,Assistant Manager,Full Time,sswitzer4o@apple.com,Marketing,5
170,Tommie,Sadry,Recruiter,Part Time,tsadry4p@europa.eu,Engineering,1
171,Marilin,Wallage,Research Nurse,Full Time,mwallage4q@china.com.cn,,6
172,Patrice,Rylett,Social Worker,Full Time,prylett4r@reddit.com,Accounting,16
173,Dunstan,Verrico,,Full Time,dverrico4s@businessweek.com,Business Development,24
174,Uta,Faircley,Financial Advisor,Full Time,ufaircley4t@google.cn,,21
175,Florrie,Giacubo,VP Quality Control,Full Time,fgiacubo4u@alibaba.com,Marketing,17
176,Alano,Hains,Account Representative II,Full Time,ahains4v@bloglovin.com,Support,8
177,Henriette,Kynforth,Developer I,On Leave,hkynforth4w@gizmodo.com,Product Management,20
178,Roana,Brightey,Staff Accountant II,Full Time,rbrightey4x@cdc.gov,Training,3
179,Justine,Geekie,Marketing Manager,Internship,jgeekie4y@aboutads.info,Research and Development,19
180,Gretta,Ivakin,,Full Time,givakin4z@goo.ne.jp,Engineering,14
181,Coralyn,Demange,Recruiting Manager,Full Time,cdemange50@patch.com,Support,14
182,Faythe,Kenderdine,,Part Time,fkenderdine51@360.cn,Marketing,12
183,Irving,Pelerin,Electrical Engineer,Inactive,ipelerin52@acquirethisname.com,Product Management,7
184,Inessa,Chin,Clinical Specialist,Full Time,ichin53@squarespace.com,Sales,20
185,Albrecht,Slidders,Web Designer IV,Internship,aslidders54@illinois.edu,,5
186,Xever,Lavelle,,Inactive,xlavelle55@trellian.com,Legal,4
187,Ferdinand,Gavahan,,Full Time,fgavahan56@washingtonpost.com,Support,15
188,Derry,Loveless,VP Marketing,Full Time,dloveless57@example.com,,17
189,April,McGerr,,Part Time,amcgerr58@canalblog.com,Support,13
190,Ardra,Bailes,Human Resources Manager,Full Time,abailes59@senate.gov,,22
191,Wake,Balfour,Marketing Assistant,On Leave,wbalfour5a@eventbrite.com,Services,10
192,Phedra,Clewes,,Full Time,pclewes5b@1688.com,Engineering,2
193,Tremain,Demanche,Senior Developer,Full Time,tdemanche5c@freewebs.com,Human Resources,19
194,Hobey,Godden,General Manager,Part Time,hgodden5d@tumblr.com,,16
195,Helge,Dobbins,,Full Time,hdobbins5e@adobe.com,,24
196,Klement,Pawellek,,Full Time,kpawellek5f@cnet.com,Business Development,19
197,Jordon,Dabinett,,Full Time,jdabinett5g@edublogs.org,,2
198,Noell,Lathee,Desktop Support Technician,Full Time,nlathee5h@japanpost.jp,,10
199,Rafaelia,Romeril,Budget/Accounting Analyst II,Part Time,rromeril5i@photobucket.com,Training,21
200,Dollie,Schuricht,Help Desk Operator,Full Time,dschuricht5j@liveinternet.ru,Accounting,25
201,Bethina,Rantoull,,Part Time,brantoull5k@webnode.com,Accounting,6
202,Wylie,Tatlowe,Research Associate,Part Time,wtatlowe5l@tripod.com,Human Resources,5
203,Cornelia,Crosi,Social Worker,Full Time,ccrosi5m@apache.org,,12
204,Costa,Madison,Analog Circuit Design manager,On Leave,cmadison5n@cyberchimps.com,,24
205,Susette,MacMechan,Design Engineer,Full Time,smacmechan5o@cmu.edu,Sales,15
206,Farica,O'Cridigan,,On Leave,focridigan5p@noaa.gov,,18
207,Georgeanna,Pollicott,,Full Time,gpollicott5q@dot.gov,,17
208,Lincoln,Iliffe,,Full Time,liliffe5r@apple.com,Business Development,22
209,Auguste,Matusevich,Design Engineer,Full Time,amatusevich5s@altervista.org,Marketing,20
210,Ulrike,Jacobbe,Media Manager II,Full Time,ujacobbe5t@blogger.com,,11
211,Alica,Able,Software Engineer II,On Leave,aable5u@weather.com,Services,22
212,Martin,Aylesbury,Software Consultant,On Leave,maylesbury5v@free.fr,Training,20
213,Eal,Stife,Assistant Media Planner,Inactive,estife5w@elpais.com,,15
214,Georgianne,McIleen,Web Designer III,Full Time,gmcileen5x@google.co.jp,Support,
215,Gayle,Impett,Marketing Assistant,Part Time,gimpett5y@addtoany.com,Sales,18
216,Xylia,Pawellek,Software Test Engineer II,On Leave,xpawellek5z@youku.com,Training,25
217,Giacinta,Ramelet,,Inactive,gramelet60@domainmarket.com,Support,19
218,Crin,Hirschmann,Web Designer II,Full Time,chirschmann61@washingtonpost.com,Support,2
219,Aldric,Extil,,Part Time,aextil62@desdev.cn,Support,21
220,Jenine,Fyrth,Account Representative IV,Full Time,jfyrth63@nymag.com,,23
221,Annissa,Setterthwait,Analyst Programmer,Full Time,asetterthwait64@nature.com,Product Management,6
222,Tulley,O'Flaherty,Marketing Manager,Internship,toflaherty65@reference.com,,8
223,Esma,McReath,Environmental Tech,Inactive,emcreath66@zimbio.com,Services,1
224,Kellen,Flanner,Biostatistician I,Inactive,kflanner67@a8.net,,3
225,Celeste,Palister,Marketing Assistant,Part Time,cpalister68@hao123.com,Support,5
226,Tom,Giacobelli,Associate Professor,On Leave,tgiacobelli69@discuz.net,Accounting,6
227,Aidan,O'Kieran,,Inactive,aokieran6a@mail.ru,,21
228,Mohammed,Discombe,Health Coach IV,Full Time,mdiscombe6b@hao123.com,,9
229,Garvin,Dransfield,Account Representative IV,Internship,gdransfield6c@army.mil,Services,19
230,Hewie,Banford,Structural Analysis Engineer,Part Time,hbanford6d@1und1.de,Marketing,25
231,Wolfgang,Jonczyk,Statistician IV,Inactive,wjonczyk6e@discuz.net,Support,14
232,Cindelyn,Murray,Environmental Tech,Part Time,cmurray6f@census.gov,Product Management,2
233,Brenden,Spaunton,Statistician I,Full Time,bspaunton6g@webnode.com,Human Resources,13
234,Spencer,Revans,,Full Time,srevans6h@weather.com,Research and Development,5
235,Eldin,Acton,Senior Developer,Internship,eacton6i@google.com,Training,22
236,Emlyn,Shakle,VP Accounting,Part Time,eshakle6j@usnews.com,Human Resources,11
237,Arabele,Batie,Senior Cost Accountant,Part Time,abatie6k@mashable.com,Support,
238,Ami,Towers,Web Developer I,Full Time,atowers6l@behance.net,Human Resources,1
239,Dyan,Hockey,Junior Executive,Full Time,dhockey6m@sphinn.com,Training,18
240,Alexander,Hadgkiss,Engineer I,Full Time,ahadgkiss6n@eventbrite.com,Human Resources,15
241,Ingram,Gorrick,Product Engineer,On Leave,igorrick6o@berkeley.edu,Accounting,10
242,Cathrine,Gabrieli,Social Worker,On Leave,cgabrieli6p@java.com,Product Management,8
243,Tedman,Langelaan,,Full Time,tlangelaan6q@oracle.com,Support,17
244,Tamera,O'Fielly,Tax Accountant,Full Time,tofielly6r@desdev.cn,Legal,1
245,Berni,Brockhouse,Tax Accountant,Full Time,bbrockhouse6s@buzzfeed.com,Marketing,
246,Clarine,Linger,Marketing Assistant,Inactive,clinger6t@mtv.com,,6
247,Georg,Herrema,VP Marketing,Inactive,gherrema6u@guardian.co.uk,Accounting,3
248,Benetta,Tatford,Quality Engineer,Full Time,btatford6v@miitbeian.gov.cn,,18
249,Adolpho,Strowlger,Associate Professor,Full Time,astrowlger6w@tripod.com,Services,5
250,Willy,Premble,Web Designer II,Inactive,wpremble6x@a8.net,,25
251,Alberik,De Mico,Structural Analysis Engineer,Full Time,ademico6y@amazon.co.jp,Product Management,
252,Julie,Andreasen,Research Associate,Full Time,jandreasen6z@hostgator.com,Product Management,13
253,Denis,Piken,Registered Nurse,Inactive,dpiken70@sphinn.com,Human Resources,9
254,Inna,Klaes,VP Marketing,Part Time,iklaes71@printfriendly.com,,19
255,Tim,Mennell,,Inactive,tmennell72@hexun.com,Support,15
256,Griz,Georger,,Full Time,ggeorger73@drupal.org,Product Management,2
257,Misti,Diver,Financial Advisor,Internship,mdiver74@globo.com,,16
258,Gwyn,Pauli,Professor,Full Time,gpauli75@wordpress.org,Marketing,
259,Jo-ann,Entissle,VP Sales,Internship,jentissle76@people.com.cn,Sales,
260,Gregorio,Beeres,Staff Accountant II,Inactive,gbeeres77@reddit.com,Legal,3
261,Joey,Zannutti,Help Desk Technician,Inactive,jzannutti78@blogspot.com,Support,8
262,Lark,Gomersal,Design Engineer,Full Time,lgomersal79@opera.com,Product Management,14
263,Lion,Blanning,VP Sales,Part Time,lblanning7a@woothemes.com,,25
264,Mattheus,Linner,Structural Analysis Engineer,Full Time,mlinner7b@example.com,Engineering,18
265,Frederique,Labon,Accounting Assistant III,Part Time,flabon7c@newsvine.com,Engineering,22
266,Joachim,Radish,,Full Time,jradish7d@msu.edu,Legal,23
267,Merla,Anyon,Chief Design Engineer,Inactive,manyon7e@odnoklassniki.ru,,4
268,Bertina,Divill,,On Leave,bdivill7f@tamu.edu,,19
269,Freddie,Macak,Analyst Programmer,Part Time,fmacak7g@nationalgeographic.com,Services,6
270,Garwin,Scoggans,Librarian,Part Time,gscoggans7h@bloomberg.com,Engineering,7
271,Seumas,Sawford,General Manager,Full Time,ssawford7i@mediafire.com,Support,1
272,Jemmie,Whitnall,Senior Quality Engineer,Part Time,jwhitnall7j@geocities.jp,Product Management,5
273,Jessie,Dressel,Librarian,Inactive,jdressel7k@twitpic.com,Legal,3
274,Jermain,Buttrey,,Inactive,jbuttrey7l@geocities.com,Human Resources,23
275,Carmella,Hawkswood,Systems Administrator IV,Full Time,chawkswood7m@paypal.com,Business Development,2
276,Tris,Ottewell,Software Engineer II,Full Time,tottewell7n@seattletimes.com,Training,19
277,Fern,Gorgler,Legal Assistant,Inactive,fgorgler7o@barnesandnoble.com,Accounting,12
278,Palmer,Sends,Assistant Media Planner,Full Time,psends7p@google.pl,,8
279,Rod,Limpkin,Registered Nurse,On Leave,rlimpkin7q@drupal.org,Product Management,15
280,Maje,MacCurtain,Staff Scientist,Internship,mmaccurtain7r@parallels.com,Product Management,7
281,Clayborn,Collyear,Associate Professor,Full Time,ccollyear7s@nih.gov,Sales,
282,Ab,Gladebeck,VP Accounting,Internship,agladebeck7t@ask.com,,9
283,Kenton,Kindall,Teacher,Full Time,kkindall7u@istockphoto.com,Business Development,20
284,Tammy,Child,,Full Time,tchild7v@ezinearticles.com,Training,16
285,Morton,Boshard,Professor,Internship,mboshard7w@ucoz.ru,Research and Development,24
286,Jose,Mettetal,Recruiting Manager,Inactive,jmettetal7x@amazonaws.com,Sales,4
287,Fredi,Sharphouse,Dental Hygienist,Full Time,fsharphouse7y@cdbaby.com,Sales,12
288,Jere,Gooly,Geologist I,Internship,jgooly7z@pcworld.com,,16
289,Del,Marcoolyn,,Internship,dmarcoolyn80@yale.edu,,17
290,Roland,Domb,VP Accounting,Internship,rdomb81@columbia.edu,Product Management,7
291,Christoph,Swetland,,Full Time,cswetland82@europa.eu,Product Management,
292,Nye,Powney,Accountant III,On Leave,npowney83@techcrunch.com,Product Management,6
293,Sullivan,Lightbowne,VP Marketing,Inactive,slightbowne84@bigcartel.com,Training,19
294,Tiffi,Ciciari,Nuclear Power Engineer,Full Time,tciciari85@nymag.com,,8
295,Audy,Sellner,Paralegal,Internship,asellner86@shop-pro.jp,Training,5
296,Anne-corinne,Steggles,Assistant Manager,Part Time,asteggles87@multiply.com,Sales,11
297,Maury,Coffee,Operator,Inactive,mcoffee88@addtoany.com,Services,1
298,Wallis,Tether,Business Systems Development Analyst,Part Time,wtether89@spiegel.de,Marketing,9
299,Frederigo,Rambadt,Senior Cost Accountant,Full Time,frambadt8a@accuweather.com,Business Development,23
300,Cherise,Brabbins,Analog Circuit Design manager,Full Time,cbrabbins8b@noaa.gov,,3
301,Sheeree,Duffree,Senior Financial Analyst,Internship,sduffree8c@disqus.com,Services,11
302,Cletis,Ledford,Chemical Engineer,Full Time,cledford8d@google.ca,Human Resources,10
303,Mart,Boothroyd,Geological Engineer,Internship,mboothroyd8e@whitehouse.gov,Marketing,7
304,Myriam,Pratley,Quality Engineer,Full Time,mpratley8f@census.gov,Marketing,22
305,Darrin,Bruinsma,Recruiter,Internship,dbruinsma8g@linkedin.com,Support,24
306,Archibold,Wotton,,On Leave,awotton8h@mayoclinic.com,Legal,25
307,Allyn,Miner,Quality Engineer,On Leave,aminer8i@toplist.cz,,13
308,Barr,Lavell,Nurse,Full Time,blavell8j@phpbb.com,Legal,18
309,Sheelah,Richmond,Database Administrator IV,On Leave,srichmond8k@tumblr.com,Engineering,2
310,Haydon,Whitehair,Actuary,Part Time,hwhitehair8l@odnoklassniki.ru,Accounting,6
311,Cynthia,Hutchings,Quality Control Specialist,Part Time,chutchings8m@nba.com,Product Management,15
312,Becka,McLemon,Physical Therapy Assistant,Full Time,bmclemon8n@1688.com,Sales,23
313,Milka,Emerine,Sales Representative,Inactive,memerine8o@dot.gov,Training,
314,Cass,Genner,Business Systems Development Analyst,Internship,cgenner8p@hao123.com,Engineering,16
315,Kial,Keemar,Accounting Assistant I,Internship,kkeemar8q@cpanel.net,Business Development,21
316,Nanci,Pledger,Web Designer I,Inactive,npledger8r@imgur.com,Legal,1
317,Antoni,Lober,Librarian,Full Time,alober8s@liveinternet.ru,Business Development,
318,Rhonda,Beevor,,Inactive,rbeevor8t@dmoz.org,Research and Development,7
319,Jada,Murkin,Administrative Officer,Part Time,jmurkin8u@technorati.com,Services,2
320,Tanya,Muglestone,Quality Engineer,Part Time,tmuglestone8v@infoseek.co.jp,Legal,16
321,Joey,Nesfield,Compensation Analyst,Internship,jnesfield8w@ed.gov,Research and Development,3
322,Nicolle,Penright,Software Test Engineer IV,On Leave,npenright8x@shareasale.com,Training,20
323,Dene,Maria,,Internship,dmaria8y@twitter.com,Product Management,22
324,Hakeem,Gorries,,Internship,hgorries8z@exblog.jp,Research and Development,21
325,Daveta,Giffin,,Full Time,dgiffin90@de.vu,Human Resources,10
326,Sal,Sieb,,Full Time,ssieb91@storify.com,Services,23
327,Emelda,Greenard,,Part Time,egreenard92@cyberchimps.com,Human Resources,18
328,Jillane,Dossett,Legal Assistant,Inactive,jdossett93@eventbrite.com,Services,8
329,Nyssa,Dadswell,Junior Executive,Internship,ndadswell94@netvibes.com,,25
330,Brendis,Saundercock,Software Test Engineer III,On Leave,bsaundercock95@cam.ac.uk,Accounting,4
331,Yorker,Verrier,Payment Adjustment Coordinator,Full Time,yverrier96@twitter.com,Legal,23
332,Gloriana,Aldgate,Structural Analysis Engineer,Full Time,galdgate97@mediafire.com,Services,5
333,Shaw,Nusche,Executive Secretary,Internship,snusche98@youtube.com,Human Resources,22
334,Wilone,Scamadin,Assistant Manager,On Leave,wscamadin99@skype.com,Training,4
335,Kaila,Kleingrub,,Full Time,kkleingrub9a@altervista.org,Legal,16
336,Renate,Stokoe,Graphic Designer,Full Time,rstokoe9b@ezinearticles.com,Human Resources,17
337,Harriett,Sargerson,,Part Time,hsargerson9c@un.org,,8
338,Gal,Marfell,Accounting Assistant III,On Leave,gmarfell9d@google.com,Human Resources,14
339,Joella,Krzyzanowski,Cost Accountant,Internship,jkrzyzanowski9e@arizona.edu,,20
340,Gray,Jinks,,Part Time,gjinks9f@smugmug.com,Product Management,10
341,Carver,Vasilechko,Librarian,On Leave,cvasilechko9g@wsj.com,,15
342,Guinna,Hanscome,Operator,Full Time,ghanscome9h@alexa.com,Accounting,9
343,Lenna,MacClure,,Full Time,lmacclure9i@ebay.com,Training,7
344,Sigismond,Sisey,Assistant Media Planner,Full Time,ssisey9j@naver.com,Legal,25
345,Randy,Freak,Software Consultant,Part Time,rfreak9k@bandcamp.com,Accounting,
346,Elliott,Seeviour,Nurse,Full Time,eseeviour9l@sbwire.com,Training,4
347,Livvy,Bonsul,Legal Assistant,Part Time,lbonsul9m@harvard.edu,Research and Development,19
348,Horton,Brimmell,Help Desk Technician,Full Time,hbrimmell9n@craigslist.org,Research and Development,5
349,Booth,Brelsford,Data Coordinator,Part Time,bbrelsford9o@nba.com,Research and Development,24
350,Herschel,Leeman,Research Associate,Full Time,hleeman9p@freewebs.com,Human Resources,10
351,Jenny,Daybell,Compensation Analyst,Full Time,jdaybell9q@dagondesign.com,Accounting,15
352,Emmet,Ixer,Geologist II,Full Time,eixer9r@unicef.org,Business Development,8
353,Romy,Barthrop,Help Desk Operator,Inactive,rbarthrop9s@goo.gl,Engineering,13
354,Amy,Roj,Nurse Practicioner,Full Time,aroj9t@msu.edu,Legal,14
355,Nina,Gasker,Programmer IV,Part Time,ngasker9u@trellian.com,Support,2
356,Jessica,Ruddiman,,On Leave,jruddiman9v@narod.ru,Research and Development,3
357,Ethelred,Van Waadenburg,Senior Developer,Full Time,evanwaadenburg9w@harvard.edu,,20
358,Joyan,Crippill,Geologist III,Part Time,jcrippill9x@devhub.com,Services,12
359,Clyde,Noddle,Compensation Analyst,Part Time,cnoddle9y@tripadvisor.com,Services,22
360,Everett,Philippon,Product Engineer,Part Time,ephilippon9z@elegantthemes.com,Sales,17
361,Vergil,Butterley,Research Nurse,Internship,vbutterleya0@bing.com,Marketing,4
362,Marchall,Radband,Software Engineer IV,Part Time,mradbanda1@adobe.com,,9
363,Ann,Ramey,,Full Time,arameya2@vkontakte.ru,,16
364,James,Kayne,Research Associate,Internship,jkaynea3@go.com,Marketing,
365,Galen,Scrowby,Media Manager III,Full Time,gscrowbya4@cisco.com,Product Management,5
366,Patrizia,Breming,Mechanical Systems Engineer,Full Time,pbreminga5@ycombinator.com,Human Resources,17
367,Dorice,Renn,Analyst Programmer,Full Time,drenna6@etsy.com,Engineering,8
368,Jennette,Snadden,Biostatistician III,Full Time,jsnaddena7@alibaba.com,Services,11
369,Astra,Theuss,Health Coach III,Full Time,atheussa8@imgur.com,Accounting,2
370,Francisco,Elmar,Community Outreach Specialist,Full Time,felmara9@hostgator.com,Training,
371,Randie,Ireson,,Full Time,riresonaa@icio.us,Business Development,
372,Patrice,Coulton,,Internship,pcoultonab@fema.gov,Business Development,1
373,Yank,Pollok,,Full Time,ypollokac@furl.net,Business Development,20
374,Tabbi,Ogley,Product Engineer,Part Time,togleyad@lycos.com,Accounting,15
375,Shirline,Bischop,Occupational Therapist,Full Time,sbischopae@friendfeed.com,Business Development,24
376,Juli,Wardingly,Operator,Part Time,jwardinglyaf@webs.com,Training,2
377,Ezekiel,Coraini,Statistician IV,On Leave,ecorainiag@163.com,Marketing,16
378,Natalee,Hamblen,Office Assistant II,Inactive,nhamblenah@chicagotribune.com,Support,9
379,Evaleen,Heyburn,Geological Engineer,Part Time,eheyburnai@prweb.com,Product Management,22
380,Kora,Casella,Accounting Assistant II,Internship,kcasellaaj@angelfire.com,Human Resources,13
381,Pete,Piscopo,Data Coordinator,Full Time,ppiscopoak@ocn.ne.jp,Sales,1
382,Gayel,Belford,Senior Sales Associate,Full Time,gbelfordal@webnode.com,Services,21
383,Timothee,Holberry,Project Manager,Full Time,tholberryam@sphinn.com,,6
384,Riley,Pithie,Quality Engineer,On Leave,rpithiean@zimbio.com,Sales,25
385,Dore,Castilljo,Marketing Assistant,Part Time,dcastilljoao@thetimes.co.uk,Research and Development,17
386,Zelig,Bartolacci,,Part Time,zbartolacciap@youku.com,Support,20
387,Abbie,Crichmer,Budget/Accounting Analyst II,Part Time,acrichmeraq@wired.com,Sales,18
388,Hertha,Anstey,Budget/Accounting Analyst II,Full Time,hansteyar@furl.net,Support,7
389,Sullivan,Grigorio,Statistician III,Part Time,sgrigorioas@1688.com,Support,19
390,Seline,MacKowle,Budget/Accounting Analyst III,Full Time,smackowleat@berkeley.edu,Human Resources,3
391,Ingamar,Tofano,Engineer IV,Part Time,itofanoau@businessweek.com,Research and Development,18
392,Candace,Eardley,Internal Auditor,Full Time,ceardleyav@clickbank.net,Research and Development,3
393,Lorin,Carlo,,Full Time,lcarloaw@alibaba.com,,12
394,Amie,Maffy,Chemical Engineer,Part Time,amaffyax@cornell.edu,,24
395,Renell,Giraldon,Junior Executive,Part Time,rgiraldonay@dell.com,Services,19
396,Genvieve,Tuckett,Administrative Officer,Part Time,gtuckettaz@discuz.net,,4
397,Sanderson,Nestle,Nurse,Full Time,snestleb0@craigslist.org,Legal,21
398,Angele,Berford,GIS Technical Architect,Full Time,aberfordb1@google.co.uk,Training,16
399,Alvie,Heakins,Chief Design Engineer,Full Time,aheakinsb2@nydailynews.com,Marketing,22
400,Randy,Odhams,Data Coordinator,Full Time,rodhamsb3@yahoo.co.jp,,11
401,Cort,Jeanenet,Nurse Practicioner,Full Time,cjeanenetb4@diigo.com,Legal,14
402,Leicester,O'Kennavain,Help Desk Technician,Internship,lokennavainb5@amazon.co.uk,Training,9
403,Selia,Biddleston,,Full Time,sbiddlestonb6@wix.com,Research and Development,
404,Jeremiah,Skelhorn,Software Consultant,Internship,jskelhornb7@wikimedia.org,Marketing,23
405,Erminia,Ramsey,Junior Executive,Full Time,eramseyb8@msn.com,Product Management,
406,Julius,Catton,Desktop Support Technician,On Leave,jcattonb9@kickstarter.com,Marketing,1
407,Amitie,Waldron,Executive Secretary,Part Time,awaldronba@sourceforge.net,Marketing,22
408,Fredi,Ridehalgh,Marketing Manager,On Leave,fridehalghbb@fda.gov,Product Management,13
409,Mel,O' Dooley,,Part Time,modooleybc@si.edu,Research and Development,16
410,Judon,Dragoe,,Full Time,jdragoebd@yahoo.co.jp,Legal,
411,Doretta,Hallut,Executive Secretary,Internship,dhallutbe@domainmarket.com,Research and Development,10
412,Pacorro,Thatcham,,On Leave,pthatchambf@illinois.edu,Legal,5
413,Terrijo,Dalziell,Technical Writer,Full Time,tdalziellbg@list-manage.com,Marketing,12
414,Saul,MacDuffie,Account Representative II,On Leave,smacduffiebh@goodreads.com,,20
415,Davy,Stennard,Technical Writer,Full Time,dstennardbi@skype.com,,
416,Muire,Tettley,Software Test Engineer IV,Part Time,mtettleybj@bigcartel.com,Business Development,17
417,Robb,Fiennes,Quality Control Specialist,Inactive,rfiennesbk@forbes.com,,15
418,Carlen,Minget,Programmer Analyst IV,Full Time,cmingetbl@dailymotion.com,Research and Development,21
419,Duane,Wanklyn,Cost Accountant,Full Time,dwanklynbm@digg.com,,2
420,Jase,Scrogges,Office Assistant I,Part Time,jscroggesbn@istockphoto.com,Business Development,25
421,Alvira,Scutching,,Full Time,ascutchingbo@opensource.org,,12
422,Debee,Ragg,Help Desk Technician,Part Time,draggbp@netvibes.com,Services,6
423,Aldus,Izatson,Accountant II,Full Time,aizatsonbq@tiny.cc,Sales,19
424,Ripley,Newbury,,Inactive,rnewburybr@engadget.com,,22
425,Ferrell,Aikman,,Internship,faikmanbs@hud.gov,Research and Development,11
426,Elston,Bridell,Senior Developer,On Leave,ebridellbt@shareasale.com,,
427,Mata,Sellor,Product Engineer,Part Time,msellorbu@dagondesign.com,Product Management,4
428,Fergus,Berrecloth,Marketing Manager,Part Time,fberreclothbv@independent.co.uk,Research and Development,13
429,Bryant,de Werk,Environmental Specialist,Full Time,bdewerkbw@foxnews.com,Engineering,8
430,Ivan,De Roos,Research Associate,Internship,ideroosbx@blinklist.com,Sales,14
431,Carmine,Nurden,Help Desk Operator,Inactive,cnurdenby@washingtonpost.com,Accounting,15
432,Eliot,Inggall,VP Marketing,Part Time,einggallbz@issuu.com,Services,24
433,Auria,Dermot,Information Systems Manager,Part Time,adermotc0@gravatar.com,Product Management,16
434,Bart,Sotham,Geological Engineer,Full Time,bsothamc1@livejournal.com,,1
435,Rinaldo,Spancock,Clinical Specialist,Full Time,rspancockc2@51.la,Marketing,2
436,Valina,Delgardo,Media Manager II,Full Time,vdelgardoc3@odnoklassniki.ru,Product Management,3
437,Denice,Jerzak,,Full Time,djerzakc4@hubpages.com,,20
438,Durant,Tew,Help Desk Operator,Inactive,dtewc5@sbwire.com,,1
439,Dana,Lewsy,Cost Accountant,Inactive,dlewsyc6@unesco.org,Research and Development,24
440,Hi,Tocknell,Environmental Specialist,Full Time,htocknellc7@bandcamp.com,Support,17
441,Wileen,Logie,,Full Time,wlogiec8@intel.com,,4
442,Brande,Frisby,Software Consultant,Internship,bfrisbyc9@pbs.org,Services,19
443,Agneta,Haddy,Civil Engineer,Full Time,ahaddyca@moonfruit.com,Legal,25
444,Adrianne,Stannis,Automation Specialist II,On Leave,astanniscb@usatoday.com,,16
445,Kimmie,Style,Electrical Engineer,Full Time,kstylecc@whitehouse.gov,Marketing,6
446,Dory,Giraux,,Full Time,dgirauxcd@usatoday.com,Marketing,22
447,Yehudit,Taylo,Engineer I,Full Time,ytayloce@123-reg.co.uk,Marketing,10
448,Wendy,Calderon,Chemical Engineer,On Leave,wcalderoncf@smugmug.com,,7
449,Latia,Tombleson,Research Nurse,Full Time,ltomblesoncg@furl.net,Sales,14
450,Kerk,Blazy,Account Coordinator,Full Time,kblazych@deviantart.com,,12
451,Stephi,Duddin,Marketing Assistant,Full Time,sduddinci@linkedin.com,,15
452,Lyle,Bispo,VP Accounting,On Leave,lbispocj@sciencedirect.com,Sales,24
453,Roze,Burnall,Quality Control Specialist,Full Time,rburnallck@oakley.com,Research and Development,1
454,Cornelius,Limpkin,Financial Advisor,Full Time,climpkincl@vk.com,Business Development,21
455,Amitie,Forsyth,Data Coordinator,Part Time,aforsythcm@yahoo.com,Sales,19
456,Tailor,Kirkness,,Part Time,tkirknesscn@nymag.com,,16
457,Hadley,Newlove,Environmental Specialist,Part Time,hnewloveco@reference.com,Training,9
458,Rodi,Sleeford,Assistant Media Planner,Full Time,rsleefordcp@dion.ne.jp,Research and Development,7
459,Derron,Itzchaki,Software Test Engineer II,Full Time,ditzchakicq@hugedomains.com,Product Management,11
460,Anne,Coplestone,Environmental Specialist,Internship,acoplestonecr@psu.edu,Legal,25
461,Rodie,Merigeau,,On Leave,rmerigeaucs@earthlink.net,Product Management,6
462,Shellysheldon,Drysdale,Pharmacist,Full Time,sdrysdalect@shinystat.com,Engineering,2
463,Muriel,Mackley,Assistant Manager,Full Time,mmackleycu@msu.edu,Support,4
464,Jorey,Groll,Systems Administrator I,Full Time,jgrollcv@icq.com,Sales,8
465,Keely,Missington,Research Associate,Full Time,kmissingtoncw@tripod.com,Sales,10
466,Butch,Petrus,General Manager,Full Time,bpetruscx@phpbb.com,Support,19
467,Evangelia,Meert,Research Assistant III,Part Time,emeertcy@blogger.com,Research and Development,6
468,Connie,Colson,Health Coach I,Full Time,ccolsoncz@google.cn,Product Management,
469,Goldy,Surfleet,Structural Engineer,Full Time,gsurfleetd0@hubpages.com,,14
470,Stanwood,Malser,Financial Advisor,Part Time,smalserd1@washingtonpost.com,Sales,10
471,Sydney,Bleckly,,Full Time,sblecklyd2@pagesperso-orange.fr,Accounting,23
472,Wilmette,Rawstron,Chief Design Engineer,Inactive,wrawstrond3@apple.com,Sales,11
473,Mercie,Charlewood,Director of Sales,Inactive,mcharlewoodd4@odnoklassniki.ru,Support,15
474,Stanton,Ovid,Nurse Practicioner,Internship,sovidd5@pbs.org,Human Resources,5
475,Alexine,McLafferty,Assistant Manager,Part Time,amclaffertyd6@deliciousdays.com,,4
476,Brant,Grist,Account Coordinator,On Leave,bgristd7@naver.com,Human Resources,2
477,Ysabel,Abbey,Civil Engineer,On Leave,yabbeyd8@virginia.edu,Accounting,25
478,Amye,Gainsburgh,Internal Auditor,Full Time,againsburghd9@eventbrite.com,Support,12
479,Giovanna,Landsberg,Engineer I,Full Time,glandsbergda@g.co,,8
480,Kenyon,Girone,Assistant Manager,On Leave,kgironedb@google.com.br,Product Management,18
481,Griz,Ruddick,Nuclear Power Engineer,Full Time,gruddickdc@cnbc.com,Sales,21
482,Ezri,Alderwick,Developer II,Full Time,ealderwickdd@icio.us,Sales,22
483,Eleonora,Pointing,Quality Control Specialist,Part Time,epointingde@mozilla.org,Sales,9
484,Gavan,Antoniou,Director of Sales,On Leave,gantonioudf@miibeian.gov.cn,Marketing,7
485,Allin,Branston,Marketing Assistant,Part Time,abranstondg@adobe.com,Product Management,13
486,Jilleen,Bellringer,Teacher,On Leave,jbellringerdh@newyorker.com,Accounting,
487,Daffy,Jouning,Health Coach IV,Inactive,djouningdi@patch.com,,1
488,Melli,Asquez,Chief Design Engineer,On Leave,masquezdj@unesco.org,Research and Development,
489,Jeremias,Wardesworth,,Inactive,jwardesworthdk@ning.com,Training,3
490,Miriam,Crinkley,Sales Associate,Part Time,mcrinkleydl@digg.com,,16
491,Rhianon,Dawby,Desktop Support Technician,On Leave,rdawbydm@is.gd,Accounting,24
492,Iain,De Ambrosi,Programmer III,Part Time,ideambrosidn@123-reg.co.uk,,17
493,Yvonne,Scarlett,Project Manager,Full Time,yscarlettdo@printfriendly.com,Human Resources,20
494,Baudoin,Galliver,Quality Engineer,Full Time,bgalliverdp@cbsnews.com,Business Development,6
495,Drusie,Wreath,,Full Time,dwreathdq@hp.com,Marketing,23
496,Oralee,Robbey,Safety Technician II,On Leave,orobbeydr@biglobe.ne.jp,Human Resources,13
497,Nan,MacShane,Speech Pathologist,Part Time,nmacshaneds@trellian.com,Human Resources,12
498,Guinevere,Adolphine,Software Consultant,Part Time,gadolphinedt@senate.gov,Human Resources,21
499,Norris,Ockenden,Programmer IV,Part Time,nockendendu@jimdo.com,Business Development,5
500,Timothea,Deyes,VP Product Management,Full Time,tdeyesdv@ft.com,Marketing,17
